{
  "accuracy": 0.8804347826086957,
  "RandomForestClassifier_score_X_test": 0.8804347826086957,
  "training_accuracy_score": 0.9931880108991825,
  "training_f1_score": 0.9938042131350682,
  "training_log_loss": 0.11153483595416253,
  "training_precision_score": 0.9876847290640394,
  "training_recall_score": 1.0,
  "training_roc_auc": 0.9998427355035835,
  "training_score": 0.9931880108991825
}