{
  "accuracy": 0.875,
  "RandomForestClassifier_score_X_test": 0.875,
  "training_accuracy_score": 0.9959128065395095,
  "training_f1_score": 0.9962732919254659,
  "training_log_loss": 0.10972295725067538,
  "training_precision_score": 0.9925742574257426,
  "training_recall_score": 1.0,
  "training_roc_auc": 0.9999400897156508,
  "training_score": 0.9959128065395095
}