{
  "accuracy": 0.8858695652173914,
  "RandomForestClassifier_score_X_test": 0.8858695652173914,
  "training_accuracy_score": 0.9918256130790191,
  "training_f1_score": 0.9925558312655087,
  "training_log_loss": 0.11151958438340714,
  "training_precision_score": 0.9876543209876543,
  "training_recall_score": 0.9975062344139651,
  "training_roc_auc": 0.9997378925059723,
  "training_score": 0.9918256130790191
}