{
  "accuracy": 0.8913043478260869,
  "RandomForestClassifier_score_X_test": 0.8913043478260869,
  "training_accuracy_score": 0.9945504087193461,
  "training_f1_score": 0.9950372208436724,
  "training_log_loss": 0.10983909350655255,
  "training_precision_score": 0.9901234567901235,
  "training_recall_score": 1.0,
  "training_roc_auc": 0.9999400897156508,
  "training_score": 0.9945504087193461
}